<?xml version="1.0" encoding="UTF-8"?><rss version="2.0"
	xmlns:content="http://purl.org/rss/1.0/modules/content/"
	xmlns:wfw="http://wellformedweb.org/CommentAPI/"
	xmlns:dc="http://purl.org/dc/elements/1.1/"
	xmlns:atom="http://www.w3.org/2005/Atom"
	xmlns:sy="http://purl.org/rss/1.0/modules/syndication/"
	xmlns:slash="http://purl.org/rss/1.0/modules/slash/"
	
	xmlns:georss="http://www.georss.org/georss"
	xmlns:geo="http://www.w3.org/2003/01/geo/wgs84_pos#"
	>

<channel>
	<title>Senza categoria &#8211; Air up</title>
	<atom:link href="./index.html" rel="self" type="application/rss+xml" />
	<link>./../../../index.html</link>
	<description></description>
	<lastBuildDate>Thu, 23 Mar 2023 10:36:01 +0000</lastBuildDate>
	<language>it-IT</language>
	<sy:updatePeriod>
	hourly	</sy:updatePeriod>
	<sy:updateFrequency>
	1	</sy:updateFrequency>
	<generator>https://wordpress.org/?v=6.1.1</generator>
	<item>
		<title>Kit Air up+Pod</title>
		<link>./../../../prodotto/kit-air-uppod/index.html</link>
					<comments>./../../../prodotto/kit-air-uppod/index.html#respond</comments>
		
		<dc:creator><![CDATA[dorin]]></dc:creator>
		<pubDate>Thu, 23 Mar 2023 10:35:16 +0000</pubDate>
				<guid isPermaLink="false">./../../../index.html?post_type=product#038;p=68</guid>

					<description><![CDATA[2 bottiglie Air up + 4gusti differenzi. Pod compatibili]]></description>
										<content:encoded><![CDATA[<p>&nbsp;</p>
<div class="woocommerce-tabs wc-tabs-wrapper">
<div id="tab-description" class="woocommerce-Tabs-panel woocommerce-Tabs-panel--description panel entry-content wc-tab" role="tabpanel" aria-labelledby="tab-title-description">
<h1 id="title" class="a-size-large a-spacing-none"><span id="productTitle" class="a-size-large product-title-word-break">Bottiglia d’acqua Air Up da 650 ml con 4 gusti, bottiglia d’acqua profumata alla frutta con cannuccia, bottiglia d’acqua aromatizzata per la perdita di peso, 0 zucchero 0 calorie</span></h1>
</div>
</div>
]]></content:encoded>
					
					<wfw:commentRss>./../../../prodotto/kit-air-uppod/feed/index.html</wfw:commentRss>
			<slash:comments>0</slash:comments>
		
		
			</item>
	</channel>
</rss>
