<?xml version="1.0" encoding="UTF-8"?><rss version="2.0"
	xmlns:content="http://purl.org/rss/1.0/modules/content/"
	xmlns:wfw="http://wellformedweb.org/CommentAPI/"
	xmlns:dc="http://purl.org/dc/elements/1.1/"
	xmlns:atom="http://www.w3.org/2005/Atom"
	xmlns:sy="http://purl.org/rss/1.0/modules/syndication/"
	xmlns:slash="http://purl.org/rss/1.0/modules/slash/"
	
	xmlns:georss="http://www.georss.org/georss"
	xmlns:geo="http://www.w3.org/2003/01/geo/wgs84_pos#"
	>

<channel>
	<title>Bottiglie &#8211; Air up</title>
	<atom:link href="./index.html" rel="self" type="application/rss+xml" />
	<link>./../../../index.html</link>
	<description></description>
	<lastBuildDate>Thu, 23 Mar 2023 15:39:35 +0000</lastBuildDate>
	<language>it-IT</language>
	<sy:updatePeriod>
	hourly	</sy:updatePeriod>
	<sy:updateFrequency>
	1	</sy:updateFrequency>
	<generator>https://wordpress.org/?v=6.1.1</generator>
	<item>
		<title>Bottiglia Air Up</title>
		<link>./../../../prodotto/bottiglia-dacqua-air-up-2/index.html</link>
					<comments>./../../../prodotto/bottiglia-dacqua-air-up-2/index.html#respond</comments>
		
		<dc:creator><![CDATA[dorin]]></dc:creator>
		<pubDate>Thu, 23 Mar 2023 08:30:29 +0000</pubDate>
				<guid isPermaLink="false">./../../../index.html?post_type=product#038;p=59</guid>

					<description><![CDATA[<div class="woocommerce-product-details__short-description">
<div id="title_feature_div" class="celwidget" data-feature-name="title" data-csa-c-type="widget" data-csa-c-content-id="title" data-csa-c-slot-id="title_feature_div" data-csa-c-asin="B0BXSRSC6K" data-csa-c-is-in-initial-active-row="false" data-csa-c-id="6vijge-oxia32-evkn4m-sldkvf" data-cel-widget="title_feature_div">
<div id="titleSection" class="a-section a-spacing-none">
<h1 id="title" class="a-size-large a-spacing-none"><span id="productTitle" class="a-size-large product-title-word-break">Bottiglia d’acqua Air Up con 2 pezzi Air Up Pods &#124; Borraccia Air Up 650ml &#124; Air Up Flavor Water Bottles, Air-Up Water Bottle, Airup Water Bottle Starter Set, Borracce per Palestra Fitness Scuola</span></h1>
</div>
</div>
<div id="qpeTitleTag_feature_div" class="celwidget" data-feature-name="qpeTitleTag" data-csa-c-type="widget" data-csa-c-content-id="qpeTitleTag" data-csa-c-slot-id="qpeTitleTag_feature_div" data-csa-c-asin="B0BXSRSC6K" data-csa-c-is-in-initial-active-row="false" data-csa-c-id="al3y49-4gugd4-buhlq2-drual1" data-cel-widget="qpeTitleTag_feature_div"></div>
<div id="bylineInfo_feature_div" class="celwidget" data-feature-name="bylineInfo" data-csa-c-type="widget" data-csa-c-content-id="bylineInfo" data-csa-c-slot-id="bylineInfo_feature_div" data-csa-c-asin="B0BXSRSC6K" data-csa-c-is-in-initial-active-row="false" data-csa-c-id="mgh089-fjnrd9-2ejww1-dzh5a2" data-cel-widget="bylineInfo_feature_div"></div>
</div>
<form class="cart" action="http://martedishop.test/prodotto/bottiglia-dacqua-air-up/" enctype="multipart/form-data" method="post">
<div class="quantity"></div>
</form>]]></description>
										<content:encoded><![CDATA[<ul class="a-unordered-list a-vertical a-spacing-mini">
<li><span class="a-list-item">MATERIALE PREMIUM: la bottiglia d’acqua ad aria è realizzata in PC alimentare di alta qualità, bevi in ​​​​modo sicuro e sostenibile con la nostra bottiglia d’acqua riutilizzabile senza BPA. Ottimo per bere sano.</span></li>
<li><span class="a-list-item">Bottiglia d’acqua Flavorie con cannuccia: arieggia la bottiglia d’acqua con il profumo in modo da poter bere di più e raggiungere i tuoi obiettivi di fitness. Prova la bontà senza sensi di colpa.</span></li>
<li><span class="a-list-item">con 2 capsule ad aria: aromatizza la tua acqua come mai prima d’ora con il nostro pacchetto di 2 aromi incluso. Perfetto per una bevanda rinfrescante e salutare.</span></li>
<li><span class="a-list-item">Design a prova di perdite: la bottiglia d’acqua ad aria è dotata di un blocco di sicurezza e di un cappuccio ribaltabile per tenere fuori la polvere e prevenire fuoriuscite. Ottimo per la palestra, l’ufficio e le attività ricreative all’aperto.</span></li>
<li><span class="a-list-item">Acqua naturale o frizzante: Air Up Water Bottle scegli acqua naturale o frizzante per il meglio dei due mondi. Perfetto per ogni momento o occasione.</span></li>
</ul>
]]></content:encoded>
					
					<wfw:commentRss>./../../../prodotto/bottiglia-dacqua-air-up-2/feed/index.html</wfw:commentRss>
			<slash:comments>0</slash:comments>
		
		
			</item>
		<item>
		<title>Bottiglia Air up</title>
		<link>./../../../prodotto/cfhbu/index.html</link>
					<comments>./../../../prodotto/cfhbu/index.html#respond</comments>
		
		<dc:creator><![CDATA[dorin]]></dc:creator>
		<pubDate>Wed, 22 Mar 2023 21:36:27 +0000</pubDate>
				<guid isPermaLink="false">./../../../index.html?post_type=product#038;p=40</guid>

					<description><![CDATA[Air Up Borraccia 650 ml + Pod in omaggio]]></description>
										<content:encoded><![CDATA[<ul class="a-unordered-list a-vertical a-spacing-mini">
<li><span class="a-list-item">Realizzato in PC alimentare di alta qualità, riutilizzabile, sicuro e sano.</span></li>
<li><span class="a-list-item">La bottiglia d’acqua profuma la tua acqua, permettendoti di bere di più e raggiungere i tuoi obiettivi di fitness.</span></li>
<li><span class="a-list-item">Contiene 3 confezioni di aromi, perfette per bevande rinfrescanti e salutari.</span></li>
<li><span class="a-list-item">La bottiglia d’acqua è dotata di un blocco di sicurezza e di un cappuccio ribaltabile per tenere fuori la polvere e prevenire fuoriuscite.</span></li>
<li><span class="a-list-item">datto per alpinismo, corsa, fitness, yoga, ciclismo, guida a lunga distanza, viaggi, passeggiate, ecc.</span></li>
</ul>
]]></content:encoded>
					
					<wfw:commentRss>./../../../prodotto/cfhbu/feed/index.html</wfw:commentRss>
			<slash:comments>0</slash:comments>
		
		
			</item>
		<item>
		<title>Bottiglia  Air Up</title>
		<link>./../../../prodotto/bottiglia-dacqua-air-up/index.html</link>
					<comments>./../../../prodotto/bottiglia-dacqua-air-up/index.html#respond</comments>
		
		<dc:creator><![CDATA[dorin]]></dc:creator>
		<pubDate>Wed, 22 Mar 2023 13:53:11 +0000</pubDate>
				<guid isPermaLink="false">./../../../index.html?post_type=product#038;p=12</guid>

					<description><![CDATA[<h1 class="x-item-title__mainTitle"><span class="ux-textspans ux-textspans--BOLD">Air Up Starter kit NOVITÀ Borraccia 650 ml +2 Pod in Omaggio, BIANCA</span></h1>]]></description>
										<content:encoded><![CDATA[<h1 class="a-size-base-plus a-text-bold"></h1>
<ul class="a-unordered-list a-vertical a-spacing-mini">
<li><span class="a-list-item">MATERIALE PREMIUM: la bottiglia d&#8217;acqua ad aria è realizzata in PC alimentare di alta qualità, bevi in ​​​​modo sicuro e sostenibile con la nostra bottiglia d&#8217;acqua riutilizzabile senza BPA. Ottimo per bere sano.</span></li>
<li><span class="a-list-item">Bottiglia d&#8217;acqua Flavorie con cannuccia: arieggia la bottiglia d&#8217;acqua con il profumo in modo da poter bere di più e raggiungere i tuoi obiettivi di fitness. Prova la bontà senza sensi di colpa.</span></li>
<li><span class="a-list-item">con 2 capsule ad aria: aromatizza la tua acqua come mai prima d&#8217;ora con il nostro pacchetto di 2 aromi incluso. Perfetto per una bevanda rinfrescante e salutare.</span></li>
<li><span class="a-list-item">Design a prova di perdite: la bottiglia d&#8217;acqua ad aria è dotata di un blocco di sicurezza e di un cappuccio ribaltabile per tenere fuori la polvere e prevenire fuoriuscite. Ottimo per la palestra, l&#8217;ufficio e le attività ricreative all&#8217;aperto.</span></li>
<li><span class="a-list-item">Acqua naturale o frizzante: Air Up Water Bottle scegli acqua naturale o frizzante per il meglio dei due mondi. Perfetto per ogni momento o occasione.</span></li>
</ul>
]]></content:encoded>
					
					<wfw:commentRss>./../../../prodotto/bottiglia-dacqua-air-up/feed/index.html</wfw:commentRss>
			<slash:comments>0</slash:comments>
		
		
			</item>
	</channel>
</rss>
