<?xml version="1.0" encoding="UTF-8"?><rss version="2.0"
	xmlns:content="http://purl.org/rss/1.0/modules/content/"
	xmlns:wfw="http://wellformedweb.org/CommentAPI/"
	xmlns:dc="http://purl.org/dc/elements/1.1/"
	xmlns:atom="http://www.w3.org/2005/Atom"
	xmlns:sy="http://purl.org/rss/1.0/modules/syndication/"
	xmlns:slash="http://purl.org/rss/1.0/modules/slash/"
	
	xmlns:georss="http://www.georss.org/georss"
	xmlns:geo="http://www.w3.org/2003/01/geo/wgs84_pos#"
	>

<channel>
	<title>pod &#8211; Air up</title>
	<atom:link href="./index.html" rel="self" type="application/rss+xml" />
	<link>./../../../index.html</link>
	<description></description>
	<lastBuildDate>Thu, 23 Mar 2023 15:19:07 +0000</lastBuildDate>
	<language>it-IT</language>
	<sy:updatePeriod>
	hourly	</sy:updatePeriod>
	<sy:updateFrequency>
	1	</sy:updateFrequency>
	<generator>https://wordpress.org/?v=6.1.1</generator>
	<item>
		<title>Pod Ananas</title>
		<link>./../../../prodotto/pod-ananas/index.html</link>
					<comments>./../../../prodotto/pod-ananas/index.html#respond</comments>
		
		<dc:creator><![CDATA[dorin]]></dc:creator>
		<pubDate>Thu, 23 Mar 2023 13:35:45 +0000</pubDate>
				<guid isPermaLink="false">./../../../index.html?post_type=product#038;p=91</guid>

					<description><![CDATA[<h4>Pod air up® al gusto all'ananas (3x) - La brezza estiva di 60 pini.</h4>]]></description>
										<content:encoded><![CDATA[<p>Sei alla ricerca di un ritmo amaro e pesante, mixato a delle note più dolci e musicali? Se la risposta è sì, allora lascia che ti presenti il tuo nuovo migliore amico: la Brezza Estiva di 60 Pini. Accattivandoci con un mix di piccantezza e dolcezza, questi Pod all&#8217;ananas racchiudono perfettamente il gusto dell&#8217;ananas! Una confezione da 3 Pod per più di 15 litri d&#8217;acqua &#8211; abbastanza per farvi superare la festa più lunga ed anche l&#8217;after-Party! Per la massima trasparenza: no, questo Pod non funziona come lettore MP3&#8230;</p>
]]></content:encoded>
					
					<wfw:commentRss>./../../../prodotto/pod-ananas/feed/index.html</wfw:commentRss>
			<slash:comments>0</slash:comments>
		
		
			</item>
		<item>
		<title>Pod mela</title>
		<link>./../../../prodotto/pod-mela/index.html</link>
					<comments>./../../../prodotto/pod-mela/index.html#respond</comments>
		
		<dc:creator><![CDATA[dorin]]></dc:creator>
		<pubDate>Thu, 23 Mar 2023 10:59:29 +0000</pubDate>
				<guid isPermaLink="false">./../../../index.html?post_type=product#038;p=79</guid>

					<description><![CDATA[<h4>Pod air up® al gusto di Mela (3x) - Fresco e Croccante</h4>]]></description>
										<content:encoded><![CDATA[<div class="handle_product_description__sRqWT">
<p>Il succo di mela non è mai stato così buono.<br />
Niente zucchero, niente additivi, niente calorie e niente appuntamenti da incubo dal dentista.<br />
Solo mela (e acqua). Con questa confezione da 3 Pod alla mela, ottieni più di 15 litri di bontà al sapore di frutta.</p>
</div>
<div class="builder-component builder-component-7c38a5576ea021d6bd355dcb27a8cf1324bbea67929b2596f7b68caba7cc775b" data-name="section-template-detail-page" data-source="Rendered by Builder.io">
<div class="builder-content">
<div data-builder-component="section-template-detail-page" data-builder-content-id="7c38a5576ea021d6bd355dcb27a8cf1324bbea67929b2596f7b68caba7cc775b" data-builder-variation-id="7c38a5576ea021d6bd355dcb27a8cf1324bbea67929b2596f7b68caba7cc775b">
<div class="builder-blocks css-h47494">
<div class="builder-block builder-3bd036e975db4999a1f0cc5f1b74e88e builder-has-component css-1pqtj1z"></div>
</div>
</div>
</div>
</div>
]]></content:encoded>
					
					<wfw:commentRss>./../../../prodotto/pod-mela/feed/index.html</wfw:commentRss>
			<slash:comments>0</slash:comments>
		
		
			</item>
		<item>
		<title>Pod ciliegia</title>
		<link>./../../../prodotto/pod-ciliegia/index.html</link>
					<comments>./../../../prodotto/pod-ciliegia/index.html#respond</comments>
		
		<dc:creator><![CDATA[dorin]]></dc:creator>
		<pubDate>Thu, 23 Mar 2023 10:56:13 +0000</pubDate>
				<guid isPermaLink="false">./../../../index.html?post_type=product#038;p=77</guid>

					<description><![CDATA[<h4>Pod air up® al gusto di Ciliegia (3x) - L’Amica Impertinente</h4>]]></description>
										<content:encoded><![CDATA[<ul>
<li>100% aromi naturali.</li>
<li>I Pod sono realizzati con materiali riciclabili.</li>
<li>Pod: in materiali riciclabili. Ogni Pod contiene al suo interno un tessuto imbevuto di un&#8217;aroma naturale.</li>
<li>Aroma: tutti gli aromi sono prodotti in Germania.</li>
</ul>
]]></content:encoded>
					
					<wfw:commentRss>./../../../prodotto/pod-ciliegia/feed/index.html</wfw:commentRss>
			<slash:comments>0</slash:comments>
		
		
			</item>
		<item>
		<title>Pod Strawberry lemongrass</title>
		<link>./../../../prodotto/pod-strawberry-lemongrass/index.html</link>
					<comments>./../../../prodotto/pod-strawberry-lemongrass/index.html#respond</comments>
		
		<dc:creator><![CDATA[dorin]]></dc:creator>
		<pubDate>Thu, 23 Mar 2023 10:47:23 +0000</pubDate>
				<guid isPermaLink="false">./../../../index.html?post_type=product#038;p=70</guid>

					<description><![CDATA[<h1>Pod srawberry lemongrass</h1>
<div class="ReviewStars_root__PEUJb ReviewStars_cursor___0aFR" title="3.4000 Stelle - 10 Recensioni" data-testid="review-stars"></div>]]></description>
										<content:encoded><![CDATA[<div class="handle_product_description__sRqWT">
<h4>La combinazione inaspettata: 3 pod strawberry lemongrass</h4>
<p>Più divisiva dell&#8217;ananas sulla pizza, l’edizione limitata più chiacchierata combina il sapore dolce della fragola con quello pungente del balsamico. Questa confezione da 3 pod aromatizza almeno 15 litri di acqua al sapore strawberry lemongrass .Ti abbiamo già conquistat*?</p>
</div>
<div class="builder-component builder-component-7c38a5576ea021d6bd355dcb27a8cf1324bbea67929b2596f7b68caba7cc775b" data-name="section-template-detail-page" data-source="Rendered by Builder.io">
<div class="builder-content">
<div data-builder-component="section-template-detail-page" data-builder-content-id="7c38a5576ea021d6bd355dcb27a8cf1324bbea67929b2596f7b68caba7cc775b" data-builder-variation-id="7c38a5576ea021d6bd355dcb27a8cf1324bbea67929b2596f7b68caba7cc775b">
<div class="builder-blocks css-h47494">
<div class="builder-block builder-3bd036e975db4999a1f0cc5f1b74e88e builder-has-component css-1pqtj1z">
<h5 id="" class="h5" data-testid="headline">La confezione dei Pod contiene</h5>
</div>
<div class="ContentWidth_root__8dGw2 ContentWidth_width_full__Pd5lf Grid_root__joNoS Grid_gap__inVDl">
<div class="GridItem_item__NoyuQ GridItem_col_xs_3__Norng GridItem_col_sm_3__OY7Io GridItem_order_default__6xmjE">
<div class="GridItem_content__sC_ym">
<div class="builder-blocks builder-blocks-child css-h47494">
<div class="builder-block builder-909fff600bbb4aea9894cc57872d471d builder-has-component css-1pqtj1z">
<div class=""></div>
</div>
</div>
</div>
</div>
<div class="GridItem_item__NoyuQ GridItem_col_xs_6__5NXvO GridItem_col_sm_9__rn4PK GridItem_order_default__6xmjE">
<div class="GridItem_content__sC_ym">
<div class="builder-blocks builder-blocks-child css-h47494">
<div class="builder-block builder-9b0d33ca8eb749b18c65f291547f98eb builder-has-component css-1pqtj1z">
<div class="">
<p><strong>3 Pod air up®</strong><br />
Utilizzando questi Pod, sarà possibile dare gusto ad almeno 15 litri di acqua.</p>
</div>
</div>
</div>
</div>
</div>
</div>
</div>
</div>
</div>
</div>
]]></content:encoded>
					
					<wfw:commentRss>./../../../prodotto/pod-strawberry-lemongrass/feed/index.html</wfw:commentRss>
			<slash:comments>0</slash:comments>
		
		
			</item>
	</channel>
</rss>
