<?xml version="1.0" encoding="UTF-8"?><rss version="2.0"
	xmlns:content="http://purl.org/rss/1.0/modules/content/"
	xmlns:wfw="http://wellformedweb.org/CommentAPI/"
	xmlns:dc="http://purl.org/dc/elements/1.1/"
	xmlns:atom="http://www.w3.org/2005/Atom"
	xmlns:sy="http://purl.org/rss/1.0/modules/syndication/"
	xmlns:slash="http://purl.org/rss/1.0/modules/slash/"
	
	xmlns:georss="http://www.georss.org/georss"
	xmlns:geo="http://www.w3.org/2003/01/geo/wgs84_pos#"
	>

<channel>
	<title>Prodotti &#8211; Air up</title>
	<atom:link href="./index.html" rel="self" type="application/rss+xml" />
	<link>./../../index.html</link>
	<description></description>
	<lastBuildDate>Thu, 23 Mar 2023 15:39:35 +0000</lastBuildDate>
	<language>it-IT</language>
	<sy:updatePeriod>
	hourly	</sy:updatePeriod>
	<sy:updateFrequency>
	1	</sy:updateFrequency>
	<generator>https://wordpress.org/?v=6.1.1</generator>
	<item>
		<title>Pod Ananas</title>
		<link>./../../prodotto/pod-ananas/index.html</link>
					<comments>./../../prodotto/pod-ananas/index.html#respond</comments>
		
		<dc:creator><![CDATA[dorin]]></dc:creator>
		<pubDate>Thu, 23 Mar 2023 13:35:45 +0000</pubDate>
				<guid isPermaLink="false">./../../index.html?post_type=product#038;p=91</guid>

					<description><![CDATA[<h4>Pod air up® al gusto all'ananas (3x) - La brezza estiva di 60 pini.</h4>]]></description>
										<content:encoded><![CDATA[<p>Sei alla ricerca di un ritmo amaro e pesante, mixato a delle note più dolci e musicali? Se la risposta è sì, allora lascia che ti presenti il tuo nuovo migliore amico: la Brezza Estiva di 60 Pini. Accattivandoci con un mix di piccantezza e dolcezza, questi Pod all&#8217;ananas racchiudono perfettamente il gusto dell&#8217;ananas! Una confezione da 3 Pod per più di 15 litri d&#8217;acqua &#8211; abbastanza per farvi superare la festa più lunga ed anche l&#8217;after-Party! Per la massima trasparenza: no, questo Pod non funziona come lettore MP3&#8230;</p>
]]></content:encoded>
					
					<wfw:commentRss>./../../prodotto/pod-ananas/feed/index.html</wfw:commentRss>
			<slash:comments>0</slash:comments>
		
		
			</item>
		<item>
		<title>Pod mela</title>
		<link>./../../prodotto/pod-mela/index.html</link>
					<comments>./../../prodotto/pod-mela/index.html#respond</comments>
		
		<dc:creator><![CDATA[dorin]]></dc:creator>
		<pubDate>Thu, 23 Mar 2023 10:59:29 +0000</pubDate>
				<guid isPermaLink="false">./../../index.html?post_type=product#038;p=79</guid>

					<description><![CDATA[<h4>Pod air up® al gusto di Mela (3x) - Fresco e Croccante</h4>]]></description>
										<content:encoded><![CDATA[<div class="handle_product_description__sRqWT">
<p>Il succo di mela non è mai stato così buono.<br />
Niente zucchero, niente additivi, niente calorie e niente appuntamenti da incubo dal dentista.<br />
Solo mela (e acqua). Con questa confezione da 3 Pod alla mela, ottieni più di 15 litri di bontà al sapore di frutta.</p>
</div>
<div class="builder-component builder-component-7c38a5576ea021d6bd355dcb27a8cf1324bbea67929b2596f7b68caba7cc775b" data-name="section-template-detail-page" data-source="Rendered by Builder.io">
<div class="builder-content">
<div data-builder-component="section-template-detail-page" data-builder-content-id="7c38a5576ea021d6bd355dcb27a8cf1324bbea67929b2596f7b68caba7cc775b" data-builder-variation-id="7c38a5576ea021d6bd355dcb27a8cf1324bbea67929b2596f7b68caba7cc775b">
<div class="builder-blocks css-h47494">
<div class="builder-block builder-3bd036e975db4999a1f0cc5f1b74e88e builder-has-component css-1pqtj1z"></div>
</div>
</div>
</div>
</div>
]]></content:encoded>
					
					<wfw:commentRss>./../../prodotto/pod-mela/feed/index.html</wfw:commentRss>
			<slash:comments>0</slash:comments>
		
		
			</item>
		<item>
		<title>Pod ciliegia</title>
		<link>./../../prodotto/pod-ciliegia/index.html</link>
					<comments>./../../prodotto/pod-ciliegia/index.html#respond</comments>
		
		<dc:creator><![CDATA[dorin]]></dc:creator>
		<pubDate>Thu, 23 Mar 2023 10:56:13 +0000</pubDate>
				<guid isPermaLink="false">./../../index.html?post_type=product#038;p=77</guid>

					<description><![CDATA[<h4>Pod air up® al gusto di Ciliegia (3x) - L’Amica Impertinente</h4>]]></description>
										<content:encoded><![CDATA[<ul>
<li>100% aromi naturali.</li>
<li>I Pod sono realizzati con materiali riciclabili.</li>
<li>Pod: in materiali riciclabili. Ogni Pod contiene al suo interno un tessuto imbevuto di un&#8217;aroma naturale.</li>
<li>Aroma: tutti gli aromi sono prodotti in Germania.</li>
</ul>
]]></content:encoded>
					
					<wfw:commentRss>./../../prodotto/pod-ciliegia/feed/index.html</wfw:commentRss>
			<slash:comments>0</slash:comments>
		
		
			</item>
		<item>
		<title>Pod Strawberry lemongrass</title>
		<link>./../../prodotto/pod-strawberry-lemongrass/index.html</link>
					<comments>./../../prodotto/pod-strawberry-lemongrass/index.html#respond</comments>
		
		<dc:creator><![CDATA[dorin]]></dc:creator>
		<pubDate>Thu, 23 Mar 2023 10:47:23 +0000</pubDate>
				<guid isPermaLink="false">./../../index.html?post_type=product#038;p=70</guid>

					<description><![CDATA[<h1>Pod srawberry lemongrass</h1>
<div class="ReviewStars_root__PEUJb ReviewStars_cursor___0aFR" title="3.4000 Stelle - 10 Recensioni" data-testid="review-stars"></div>]]></description>
										<content:encoded><![CDATA[<div class="handle_product_description__sRqWT">
<h4>La combinazione inaspettata: 3 pod strawberry lemongrass</h4>
<p>Più divisiva dell&#8217;ananas sulla pizza, l’edizione limitata più chiacchierata combina il sapore dolce della fragola con quello pungente del balsamico. Questa confezione da 3 pod aromatizza almeno 15 litri di acqua al sapore strawberry lemongrass .Ti abbiamo già conquistat*?</p>
</div>
<div class="builder-component builder-component-7c38a5576ea021d6bd355dcb27a8cf1324bbea67929b2596f7b68caba7cc775b" data-name="section-template-detail-page" data-source="Rendered by Builder.io">
<div class="builder-content">
<div data-builder-component="section-template-detail-page" data-builder-content-id="7c38a5576ea021d6bd355dcb27a8cf1324bbea67929b2596f7b68caba7cc775b" data-builder-variation-id="7c38a5576ea021d6bd355dcb27a8cf1324bbea67929b2596f7b68caba7cc775b">
<div class="builder-blocks css-h47494">
<div class="builder-block builder-3bd036e975db4999a1f0cc5f1b74e88e builder-has-component css-1pqtj1z">
<h5 id="" class="h5" data-testid="headline">La confezione dei Pod contiene</h5>
</div>
<div class="ContentWidth_root__8dGw2 ContentWidth_width_full__Pd5lf Grid_root__joNoS Grid_gap__inVDl">
<div class="GridItem_item__NoyuQ GridItem_col_xs_3__Norng GridItem_col_sm_3__OY7Io GridItem_order_default__6xmjE">
<div class="GridItem_content__sC_ym">
<div class="builder-blocks builder-blocks-child css-h47494">
<div class="builder-block builder-909fff600bbb4aea9894cc57872d471d builder-has-component css-1pqtj1z">
<div class=""></div>
</div>
</div>
</div>
</div>
<div class="GridItem_item__NoyuQ GridItem_col_xs_6__5NXvO GridItem_col_sm_9__rn4PK GridItem_order_default__6xmjE">
<div class="GridItem_content__sC_ym">
<div class="builder-blocks builder-blocks-child css-h47494">
<div class="builder-block builder-9b0d33ca8eb749b18c65f291547f98eb builder-has-component css-1pqtj1z">
<div class="">
<p><strong>3 Pod air up®</strong><br />
Utilizzando questi Pod, sarà possibile dare gusto ad almeno 15 litri di acqua.</p>
</div>
</div>
</div>
</div>
</div>
</div>
</div>
</div>
</div>
</div>
]]></content:encoded>
					
					<wfw:commentRss>./../../prodotto/pod-strawberry-lemongrass/feed/index.html</wfw:commentRss>
			<slash:comments>0</slash:comments>
		
		
			</item>
		<item>
		<title>Kit Air up+Pod</title>
		<link>./../../prodotto/kit-air-uppod/index.html</link>
					<comments>./../../prodotto/kit-air-uppod/index.html#respond</comments>
		
		<dc:creator><![CDATA[dorin]]></dc:creator>
		<pubDate>Thu, 23 Mar 2023 10:35:16 +0000</pubDate>
				<guid isPermaLink="false">./../../index.html?post_type=product#038;p=68</guid>

					<description><![CDATA[2 bottiglie Air up + 4gusti differenzi. Pod compatibili]]></description>
										<content:encoded><![CDATA[<p>&nbsp;</p>
<div class="woocommerce-tabs wc-tabs-wrapper">
<div id="tab-description" class="woocommerce-Tabs-panel woocommerce-Tabs-panel--description panel entry-content wc-tab" role="tabpanel" aria-labelledby="tab-title-description">
<h1 id="title" class="a-size-large a-spacing-none"><span id="productTitle" class="a-size-large product-title-word-break">Bottiglia d’acqua Air Up da 650 ml con 4 gusti, bottiglia d’acqua profumata alla frutta con cannuccia, bottiglia d’acqua aromatizzata per la perdita di peso, 0 zucchero 0 calorie</span></h1>
</div>
</div>
]]></content:encoded>
					
					<wfw:commentRss>./../../prodotto/kit-air-uppod/feed/index.html</wfw:commentRss>
			<slash:comments>0</slash:comments>
		
		
			</item>
		<item>
		<title>Bottiglia Air Up</title>
		<link>./../../prodotto/bottiglia-dacqua-air-up-2/index.html</link>
					<comments>./../../prodotto/bottiglia-dacqua-air-up-2/index.html#respond</comments>
		
		<dc:creator><![CDATA[dorin]]></dc:creator>
		<pubDate>Thu, 23 Mar 2023 08:30:29 +0000</pubDate>
				<guid isPermaLink="false">./../../index.html?post_type=product#038;p=59</guid>

					<description><![CDATA[<div class="woocommerce-product-details__short-description">
<div id="title_feature_div" class="celwidget" data-feature-name="title" data-csa-c-type="widget" data-csa-c-content-id="title" data-csa-c-slot-id="title_feature_div" data-csa-c-asin="B0BXSRSC6K" data-csa-c-is-in-initial-active-row="false" data-csa-c-id="6vijge-oxia32-evkn4m-sldkvf" data-cel-widget="title_feature_div">
<div id="titleSection" class="a-section a-spacing-none">
<h1 id="title" class="a-size-large a-spacing-none"><span id="productTitle" class="a-size-large product-title-word-break">Bottiglia d’acqua Air Up con 2 pezzi Air Up Pods &#124; Borraccia Air Up 650ml &#124; Air Up Flavor Water Bottles, Air-Up Water Bottle, Airup Water Bottle Starter Set, Borracce per Palestra Fitness Scuola</span></h1>
</div>
</div>
<div id="qpeTitleTag_feature_div" class="celwidget" data-feature-name="qpeTitleTag" data-csa-c-type="widget" data-csa-c-content-id="qpeTitleTag" data-csa-c-slot-id="qpeTitleTag_feature_div" data-csa-c-asin="B0BXSRSC6K" data-csa-c-is-in-initial-active-row="false" data-csa-c-id="al3y49-4gugd4-buhlq2-drual1" data-cel-widget="qpeTitleTag_feature_div"></div>
<div id="bylineInfo_feature_div" class="celwidget" data-feature-name="bylineInfo" data-csa-c-type="widget" data-csa-c-content-id="bylineInfo" data-csa-c-slot-id="bylineInfo_feature_div" data-csa-c-asin="B0BXSRSC6K" data-csa-c-is-in-initial-active-row="false" data-csa-c-id="mgh089-fjnrd9-2ejww1-dzh5a2" data-cel-widget="bylineInfo_feature_div"></div>
</div>
<form class="cart" action="http://martedishop.test/prodotto/bottiglia-dacqua-air-up/" enctype="multipart/form-data" method="post">
<div class="quantity"></div>
</form>]]></description>
										<content:encoded><![CDATA[<ul class="a-unordered-list a-vertical a-spacing-mini">
<li><span class="a-list-item">MATERIALE PREMIUM: la bottiglia d’acqua ad aria è realizzata in PC alimentare di alta qualità, bevi in ​​​​modo sicuro e sostenibile con la nostra bottiglia d’acqua riutilizzabile senza BPA. Ottimo per bere sano.</span></li>
<li><span class="a-list-item">Bottiglia d’acqua Flavorie con cannuccia: arieggia la bottiglia d’acqua con il profumo in modo da poter bere di più e raggiungere i tuoi obiettivi di fitness. Prova la bontà senza sensi di colpa.</span></li>
<li><span class="a-list-item">con 2 capsule ad aria: aromatizza la tua acqua come mai prima d’ora con il nostro pacchetto di 2 aromi incluso. Perfetto per una bevanda rinfrescante e salutare.</span></li>
<li><span class="a-list-item">Design a prova di perdite: la bottiglia d’acqua ad aria è dotata di un blocco di sicurezza e di un cappuccio ribaltabile per tenere fuori la polvere e prevenire fuoriuscite. Ottimo per la palestra, l’ufficio e le attività ricreative all’aperto.</span></li>
<li><span class="a-list-item">Acqua naturale o frizzante: Air Up Water Bottle scegli acqua naturale o frizzante per il meglio dei due mondi. Perfetto per ogni momento o occasione.</span></li>
</ul>
]]></content:encoded>
					
					<wfw:commentRss>./../../prodotto/bottiglia-dacqua-air-up-2/feed/index.html</wfw:commentRss>
			<slash:comments>0</slash:comments>
		
		
			</item>
		<item>
		<title>Bottiglia Air up</title>
		<link>./../../prodotto/cfhbu/index.html</link>
					<comments>./../../prodotto/cfhbu/index.html#respond</comments>
		
		<dc:creator><![CDATA[dorin]]></dc:creator>
		<pubDate>Wed, 22 Mar 2023 21:36:27 +0000</pubDate>
				<guid isPermaLink="false">./../../index.html?post_type=product#038;p=40</guid>

					<description><![CDATA[Air Up Borraccia 650 ml + Pod in omaggio]]></description>
										<content:encoded><![CDATA[<ul class="a-unordered-list a-vertical a-spacing-mini">
<li><span class="a-list-item">Realizzato in PC alimentare di alta qualità, riutilizzabile, sicuro e sano.</span></li>
<li><span class="a-list-item">La bottiglia d’acqua profuma la tua acqua, permettendoti di bere di più e raggiungere i tuoi obiettivi di fitness.</span></li>
<li><span class="a-list-item">Contiene 3 confezioni di aromi, perfette per bevande rinfrescanti e salutari.</span></li>
<li><span class="a-list-item">La bottiglia d’acqua è dotata di un blocco di sicurezza e di un cappuccio ribaltabile per tenere fuori la polvere e prevenire fuoriuscite.</span></li>
<li><span class="a-list-item">datto per alpinismo, corsa, fitness, yoga, ciclismo, guida a lunga distanza, viaggi, passeggiate, ecc.</span></li>
</ul>
]]></content:encoded>
					
					<wfw:commentRss>./../../prodotto/cfhbu/feed/index.html</wfw:commentRss>
			<slash:comments>0</slash:comments>
		
		
			</item>
		<item>
		<title>Bottiglia  Air Up</title>
		<link>./../../prodotto/bottiglia-dacqua-air-up/index.html</link>
					<comments>./../../prodotto/bottiglia-dacqua-air-up/index.html#respond</comments>
		
		<dc:creator><![CDATA[dorin]]></dc:creator>
		<pubDate>Wed, 22 Mar 2023 13:53:11 +0000</pubDate>
				<guid isPermaLink="false">./../../index.html?post_type=product#038;p=12</guid>

					<description><![CDATA[<h1 class="x-item-title__mainTitle"><span class="ux-textspans ux-textspans--BOLD">Air Up Starter kit NOVITÀ Borraccia 650 ml +2 Pod in Omaggio, BIANCA</span></h1>]]></description>
										<content:encoded><![CDATA[<h1 class="a-size-base-plus a-text-bold"></h1>
<ul class="a-unordered-list a-vertical a-spacing-mini">
<li><span class="a-list-item">MATERIALE PREMIUM: la bottiglia d&#8217;acqua ad aria è realizzata in PC alimentare di alta qualità, bevi in ​​​​modo sicuro e sostenibile con la nostra bottiglia d&#8217;acqua riutilizzabile senza BPA. Ottimo per bere sano.</span></li>
<li><span class="a-list-item">Bottiglia d&#8217;acqua Flavorie con cannuccia: arieggia la bottiglia d&#8217;acqua con il profumo in modo da poter bere di più e raggiungere i tuoi obiettivi di fitness. Prova la bontà senza sensi di colpa.</span></li>
<li><span class="a-list-item">con 2 capsule ad aria: aromatizza la tua acqua come mai prima d&#8217;ora con il nostro pacchetto di 2 aromi incluso. Perfetto per una bevanda rinfrescante e salutare.</span></li>
<li><span class="a-list-item">Design a prova di perdite: la bottiglia d&#8217;acqua ad aria è dotata di un blocco di sicurezza e di un cappuccio ribaltabile per tenere fuori la polvere e prevenire fuoriuscite. Ottimo per la palestra, l&#8217;ufficio e le attività ricreative all&#8217;aperto.</span></li>
<li><span class="a-list-item">Acqua naturale o frizzante: Air Up Water Bottle scegli acqua naturale o frizzante per il meglio dei due mondi. Perfetto per ogni momento o occasione.</span></li>
</ul>
]]></content:encoded>
					
					<wfw:commentRss>./../../prodotto/bottiglia-dacqua-air-up/feed/index.html</wfw:commentRss>
			<slash:comments>0</slash:comments>
		
		
			</item>
	</channel>
</rss>
